Id,Camera,framePosition,pos.x,pos.y,camerapos.x,camerapos.y
24,0,305,45.1172,49.2361,1071.25,484.224
25,0,305,44.0625,49.375,1040.33,483.252
25,0,313,44.1016,49.3056,1042.14,483.161
25,0,315,43.9844,49.4444,1037.34,483.404
25,0,315,43.9844,49.4444,1037.34,483.404
25,0,316,43.9844,49.375,1037.61,483.274
25,0,317,43.9844,49.375,1037.67,483.069
25,0,318,43.9844,49.375,1037.95,483.411
2,0,305,16.6797,14.0972,741.192,339.408
2,0,307,16.9922,14.7222,741.397,340.595
2,0,308,17.1484,15.1389,741.297,341.289
2,0,308,17.1484,15.1389,741.297,341.289
2,0,309,17.1484,15.1389,741.307,341.33
2,0,310,17.1094,15,741.326,341.123
2,0,311,17.0703,14.9306,741.422,340.946
2,0,312,16.9922,14.6528,741.64,340.431
2,0,313,17.2266,15.2778,741.413,341.554
2,0,315,17.2656,15.3472,741.312,341.793
2,0,315,17.2656,15.3472,741.312,341.793
2,0,316,17.3047,15.3472,741.454,341.804
2,0,317,17.3828,15.5556,741.705,342.148
2,0,318,17.4219,15.625,741.683,342.286
2,0,319,17.3438,15.4167,741.937,341.951
2,0,321,17.3828,15.4861,741.895,342.025
2,0,321,17.3828,15.4861,741.895,342.025
2,0,322,17.2266,15.2083,741.919,341.46
2,0,323,17.3828,15.4861,742.356,342.007
2,0,325,17.8125,16.3194,743.074,343.622
2,0,326,17.8906,16.3889,743.39,343.782
2,0,327,17.8906,16.3889,743.248,343.776
2,0,327,17.8906,16.3889,743.248,343.776
2,0,328,17.8906,16.3889,743.105,343.874
2,0,329,17.6953,16.0417,742.948,343.168
2,0,330,17.6562,15.8333,743.581,342.753
2,0,331,17.6953,15.9028,743.643,342.934
2,0,332,17.6562,15.8333,743.655,342.698
2,0,333,17.6562,15.8333,743.655,342.698
2,0,334,17.7734,16.0417,744.032,343.113
2,0,336,18.0859,16.5972,744.238,344.329
2,0,337,18.125,16.7361,744.536,344.493
2,0,338,18.0859,16.5972,744.562,344.254
2,0,339,18.0859,16.5972,744.533,344.333
2,0,339,18.0859,16.5972,744.533,344.333
2,0,340,18.0859,16.5278,744.875,344.137
2,0,341,18.2422,16.8056,745.516,344.779
2,0,342,18.2422,16.7361,745.557,344.616
2,0,343,18.3984,17.0833,745.79,345.272
2,0,344,18.7891,17.8472,746.499,346.824
2,0,345,18.7891,17.8472,746.517,346.848
2,0,347,18.75,17.7083,747.018,346.576
2,0,348,18.5156,17.1528,747.233,345.439
2,0,349,18.3984,16.6667,748.14,344.542
2,0,350,18.3984,16.6667,748.245,344.556
2,0,351,18.3984,16.6667,748.274,344.514
2,0,351,18.3984,16.6667,748.274,344.514
2,0,352,18.5938,17.0833,748.194,345.379
2,0,353,18.2031,16.3194,747.952,343.833
2,0,354,18.5938,17.0139,748.708,345.247
2,0,355,18.5156,16.875,748.672,344.94
2,0,356,18.7109,17.2222,748.98,345.719
2,0,357,18.7109,17.2222,748.98,345.719
2,0,358,18.8672,17.5694,749.561,346.339
2,0,359,18.7891,17.2917,750.194,345.789
2,0,360,18.9062,17.5,750.281,346.249
2,0,361,18.8281,17.1528,751.201,345.647
2,0,362,19.1016,17.7778,751.263,346.803
2,0,363,18.7891,17.0139,751.614,345.277
2,0,364,19.2578,18.0556,751.688,347.432
2,0,365,19.375,18.2639,752.073,347.879
2,0,366,19.1797,17.6389,752.928,346.649
2,0,367,19.4531,18.1944,753.459,347.766
2,0,368,19.375,17.9167,754.411,347.206
2,0,369,19.375,17.9167,754.411,347.206
2,0,370,19.3359,17.6389,755.136,346.689
2,0,371,19.6875,18.2639,756.214,348.081
2,0,373,19.8438,18.3333,758.013,348.224
2,0,373,19.8438,18.3333,758.013,348.224
2,0,374,20.1172,18.75,759.26,349.184
2,0,375,20.1172,18.75,759.26,349.184
2,0,376,20.1562,18.6806,760.266,349.044
2,0,377,20.3516,18.8194,761.771,349.439
2,0,379,20.9375,19.5833,765.371,351.194
2,0,379,20.9375,19.5833,765.371,351.194
2,0,380,20.7812,19.0278,766.846,350.012
2,0,381,20.7031,18.75,767.312,349.422
2,0,382,20.9375,19.1667,768.39,350.286
2,0,383,20.9375,18.8889,769.674,349.771
2,0,385,21.3281,19.3056,772.854,350.704
2,0,385,21.3281,19.3056,772.854,350.704
2,0,386,21.4844,19.375,774.6,350.951
2,0,387,21.5234,19.4444,774.562,351.138
2,0,388,21.5625,19.3056,775.99,350.926
2,0,389,21.4844,18.75,777.992,349.726
2,0,390,21.7188,19.0278,780.013,350.31
2,0,391,21.8359,18.9583,781.986,350.323
2,0,392,22.0703,19.1667,784.233,350.786
2,0,394,22.1094,19.0972,785.221,350.627
2,0,394,22.1094,19.0972,785.221,350.627
2,0,395,21.9531,18.2639,787.346,349.038
2,0,396,21.9531,17.9167,789.532,348.331
2,0,397,22.1484,17.9167,792.232,348.426
2,0,398,22.0703,17.4306,793.979,347.474
2,0,399,22.0703,17.4306,793.979,347.474
2,0,400,22.1484,17.2222,796.013,347.101
2,0,401,22.5781,17.9167,798.262,348.555
2,0,403,23.0078,18.4722,801.568,349.777
2,0,403,23.0078,18.4722,801.568,349.777
2,0,405,23.2812,18.4722,805.32,349.944
2,0,405,23.2812,18.4722,805.32,349.944
2,0,406,23.3203,18.4722,805.314,350.005
2,0,407,23.2031,18.0556,806.31,349.033
2,0,408,23.0469,17.2222,808.644,347.432
2,0,410,23.3203,17.1528,812.91,347.448
2,0,411,23.5547,17.2222,815.46,347.662
2,0,411,23.5547,17.2222,815.46,347.662
2,0,412,23.5156,17.1528,815.301,347.479
2,0,413,23.5938,17.1528,816.749,347.504
2,0,414,23.5156,16.6667,817.973,346.537
2,0,415,23.4375,16.1111,819.865,345.464
2,0,417,23.5938,15.9722,822.964,345.271
2,0,417,23.5938,15.9722,822.964,345.271
2,0,418,23.5938,15.9722,822.964,345.271
2,0,419,23.6328,15.9028,823.929,345.152
2,0,420,23.8281,16.0417,825.293,345.558
2,0,421,23.9844,16.25,826.289,346.036
2,0,422,24.0625,16.3889,827.329,346.21
2,0,423,24.3359,16.8056,828.756,347.112
2,0,424,24.2969,16.6667,828.931,346.925
2,0,425,24.2188,16.3889,829.549,346.317
2,0,426,24.1016,15.8333,830.123,345.275
2,0,427,24.0625,15.625,830.795,344.9
2,0,428,24.2578,15.9028,832.192,345.482
2,0,429,24.2578,15.9028,832.36,345.407
2,0,431,24.3359,15.9722,832.969,345.673
2,0,431,24.3359,15.9722,832.969,345.673
2,0,432,24.1406,15.4861,832.951,344.59
2,0,433,24.1406,15.2778,833.402,344.295
1,0,305,21.0547,9.30556,821.837,333.144
1,0,307,21.0547,9.02778,823.615,332.665
1,0,308,21.2891,9.51389,824.233,333.469
1,0,308,21.2891,9.51389,824.233,333.469
1,0,309,21.2891,9.51389,824.233,333.469
1,0,310,21.5625,9.93056,825.284,334.268
1,0,311,21.3672,9.30556,826.114,333.218
1,0,312,21.6797,10.0694,826.635,334.484
1,0,313,21.5625,9.44444,827.526,333.522
1,0,315,21.8359,10,828.671,334.399
1,0,315,21.8359,10,828.671,334.399
1,0,316,21.875,10.0694,829.144,334.562
1,0,317,21.9922,10.0694,830.41,334.6
1,0,318,22.0703,10.1389,831.201,334.762
1,0,319,22.2266,10.3472,832.36,335.086
1,0,321,22.1094,9.93056,832.856,334.379
1,0,321,22.1094,9.93056,832.856,334.379
1,0,322,21.9141,9.16667,833.717,333.202
1,0,323,22.0703,9.23611,835.332,333.333
1,0,325,22.2266,9.375,836.627,333.6
1,0,326,22.3828,9.51389,838.091,333.853
1,0,327,22.3828,9.58333,837.777,333.972
1,0,327,22.3828,9.58333,837.777,333.972
1,0,328,22.5,9.79167,838.405,334.322
1,0,329,22.4609,9.44444,839.24,333.73
1,0,330,22.5781,9.58333,840.26,334.013
1,0,331,22.6172,9.375,841.717,333.728
1,0,332,22.8125,9.72222,842.204,334.337
1,0,333,22.8125,9.72222,842.323,334.326
1,0,334,22.8516,9.72222,843.329,334.301
1,0,336,22.9688,9.65278,845.011,334.257
1,0,337,23.0469,9.65278,845.902,334.345
1,0,338,23.2031,9.79167,847.115,334.515
1,0,339,23.2812,10.1389,846.93,335.128
1,0,339,23.2812,10.1389,846.93,335.128
1,0,340,23.4375,10.4167,847.657,335.6
1,0,341,23.5156,10.3472,848.915,335.508
1,0,342,23.3984,9.79167,849.419,334.673
1,0,343,23.3203,9.375,850.491,333.952
1,0,344,23.4375,9.51389,851.352,334.213
1,0,345,23.4375,9.51389,851.45,334.263
1,0,347,23.2031,8.61111,852.618,332.708
1,0,348,23.4766,9.23611,853.308,333.758
1,0,349,23.75,9.65278,855.115,334.495
1,0,350,23.8281,9.65278,855.777,334.518
1,0,351,23.75,9.51389,855.716,334.292
1,0,351,23.75,9.51389,855.716,334.292
1,0,352,24.1406,10.3472,856.859,335.73
1,0,353,23.9453,9.72222,857.287,334.694
1,0,354,23.9453,9.375,858.506,334.165
1,0,355,23.9844,9.30556,859.352,334.053
1,0,356,23.8672,8.68056,860.607,333.083
1,0,357,23.9453,8.95833,860.595,333.495
1,0,358,23.7109,8.05556,861.559,331.992
1,0,359,23.9062,8.47222,861.959,332.723
1,0,360,24.2578,9.51389,862.144,334.491
1,0,361,24.4531,9.72222,863.578,334.877
1,0,362,24.0234,8.19444,864.657,332.281
1,0,363,24.1016,8.47222,864.59,332.781
1,0,364,24.0625,8.125,865.137,332.257
1,0,365,24.1797,8.47222,865.629,332.826
1,0,366,24.3359,8.75,866.399,333.303
1,0,367,24.1406,7.84722,867.453,331.853
1,0,368,24.4141,8.61111,868.085,333.073
1,0,369,24.4531,8.68056,867.955,333.28
1,0,370,24.4141,8.40278,868.973,332.781
1,0,371,24.4922,8.40278,869.673,332.84
1,0,373,24.8828,9.16667,871.443,334.094
1,0,373,24.8828,9.16667,871.443,334.094
1,0,374,25.0781,9.51389,872.481,334.73
1,0,375,25.0781,9.51389,872.481,334.73
1,0,376,25.0781,9.375,873.239,334.481
1,0,377,25.3125,9.79167,874.687,335.247
1,0,379,25.1562,9.02778,875.846,333.993
1,0,379,25.1562,9.02778,875.846,333.993
1,0,380,25.3906,9.51389,876.796,334.859
1,0,381,25.3906,9.44444,876.71,334.785
1,0,382,25.2734,9.02778,877.224,334.017
1,0,383,25.1953,8.61111,877.656,333.388
1,0,385,25.5078,9.23611,879.687,334.407
1,0,385,25.5078,9.23611,879.687,334.407
1,0,386,25.5469,9.16667,880.017,334.324
1,0,387,25.5078,9.09722,880.106,334.259
1,0,388,25.5078,8.95833,880.339,334.036
1,0,389,25.625,9.16667,881.088,334.328
1,0,390,25.6641,9.30556,881.371,334.586
1,0,391,25.6641,9.16667,881.76,334.438
1,0,392,25.6641,9.16667,881.762,334.385
1,0,394,25.6641,9.09722,881.741,334.27
1,0,394,25.6641,9.09722,881.741,334.27
1,0,395,25.7812,9.44444,882.073,334.827
1,0,396,25.8984,9.72222,882.461,335.42
1,0,397,25.9375,9.93056,882.361,335.681
1,0,398,25.9766,9.93056,882.64,335.689
1,0,399,25.9375,9.86111,882.562,335.556
1,0,400,26.1328,10.4167,882.692,336.617
1,0,401,26.2109,10.625,882.591,336.992
1,0,403,26.1328,10.7639,881.506,337.112
1,0,403,26.1328,10.7639,881.506,337.112
1,0,405,26.0938,10.9722,879.818,337.53
1,0,405,26.0938,10.9722,879.818,337.53
1,0,406,26.0938,10.9722,879.859,337.537
1,0,407,26.1719,11.3194,879.611,338.108
1,0,408,26.0938,11.1806,878.682,337.869
1,0,410,26.0547,11.5278,876.788,338.349
1,0,411,26.0547,11.7361,876.12,338.785
1,0,411,26.0547,11.7361,876.12,338.785
1,0,412,26.0547,11.7361,876.088,338.724
1,0,413,25.7812,11.1111,874.972,337.562
1,0,414,25.5469,10.7639,873.584,336.945
1,0,415,25.7812,11.6667,872.557,338.484
1,0,417,25.4688,11.3889,869.707,337.968
1,0,417,25.4688,11.3889,869.707,337.968
1,0,418,25.5859,11.7361,869.634,338.533
1,0,419,25.4297,11.6667,867.962,338.392
1,0,420,25.7031,12.7083,867.221,340.304
1,0,421,25.3906,12.0139,865.904,338.96
1,0,422,25.3906,12.4306,863.987,339.744
1,0,423,25.3125,12.6389,861.902,340.053
1,0,424,25.2734,12.5694,861.986,339.853
1,0,425,25.3906,13.1944,860.73,341.056
1,0,426,25.1172,12.8472,858.589,340.337
1,0,427,25,12.8472,857.174,340.253
1,0,428,24.8438,12.6389,855.763,339.843
1,0,429,24.5312,12.2222,853.845,339.012
1,0,431,24.4141,12.1528,852.251,338.891
1,0,431,24.4141,12.1528,852.251,338.891
1,0,432,24.4141,12.7778,849.696,339.869
1,0,433,24.5703,13.6111,847.767,341.485
1,0,434,24.1797,14.375,838.876,342.681
1,0,435,24.1016,14.375,837.577,342.541
1,0,436,24.1016,14.375,837.642,342.556
1,0,438,24.0625,14.5139,836.228,342.891
1,0,438,24.0625,14.5139,836.228,342.891
1,0,439,24.0625,14.5833,835.832,342.966
1,0,441,23.8281,14.1667,835.27,342.101
1,0,441,23.8281,14.1667,835.27,342.101
1,0,442,23.75,13.9583,835.036,341.791
1,0,443,23.9062,14.4444,834.539,342.648
1,0,445,23.8672,14.7222,832.792,343.115
1,0,446,23.9844,15.2083,831.754,344.058
1,0,447,23.8281,14.9306,831.358,343.532
1,0,447,23.8281,14.9306,831.358,343.532
1,0,448,23.8281,14.9306,831.26,343.462
1,0,449,23.8672,15.2083,830.415,344.03
1,0,451,24.2969,15.5556,834.626,344.754
1,0,451,23.0078,15.1389,819.239,343.507
1,0,451,24.2969,15.5556,834.626,344.754
1,0,451,23.0078,15.1389,819.239,343.507
1,0,452,24.3359,15.6944,834.125,345.084
1,0,452,23.0859,15.6944,817.141,344.656
1,0,453,24.2578,15.6944,833.364,345.076
1,0,453,22.9688,15.9028,814.499,344.874
1,0,454,24.2578,15.6944,833.39,345.102
1,0,454,22.9688,15.9028,814.488,344.876
1,0,455,24.1797,15.6944,831.942,345.057
1,0,455,22.6953,15.7639,811.767,344.569
1,0,456,24.0234,15.625,830.586,344.806
1,0,456,22.4219,15.4861,809.189,344.01
1,0,457,23.9062,15.5556,829.21,344.66
1,0,457,22.0312,14.9306,806.788,342.739
1,0,458,23.8672,15.7639,827.745,345.061
1,0,458,21.875,15,804.426,342.837
1,0,460,23.75,15.625,826.58,344.785
1,0,460,23.75,15.625,826.58,344.785
1,0,461,23.9062,16.3194,825.101,346.077
1,0,462,23.9453,16.6667,824.021,346.702
1,0,463,23.7891,16.5278,822.52,346.47
1,0,464,23.6719,16.5278,821.169,346.367
1,0,465,23.4375,16.25,819.377,345.755
1,0,467,23.4375,16.4583,817.84,346.191
1,0,467,23.4375,16.4583,817.84,346.191
1,0,468,23.4375,16.7361,816.547,346.601
1,0,469,23.2422,16.5972,814.591,346.366
13,1,306,69.1406,44.9306,623.045,513.139
13,1,307,69.2188,44.8611,624.285,512.599
13,1,308,69.375,44.6528,625.23,511.402
13,1,309,69.375,44.6528,625.313,511.171
13,1,310,69.4531,44.5833,626.331,510.842
13,1,311,69.4922,44.5833,627.598,510.774
13,1,312,69.6094,44.5139,628.762,510.01
13,1,313,69.6484,44.5139,630.005,510.177
13,1,314,69.8047,44.375,630.976,509.125
13,1,315,69.8047,44.375,630.976,509.125
13,1,316,70,44.0278,631.442,507.114
13,1,317,70.1172,43.8194,632.611,506.208
13,1,318,70.2344,43.6806,633.212,505.279
13,1,319,70.2344,43.75,634.061,505.773
13,1,320,70.3125,43.6806,634.91,505.176
13,1,321,70.3125,43.75,634.925,505.351
13,1,322,70.3906,43.6111,635.745,504.673
13,1,323,70.3906,43.6806,636.508,505.082
13,1,324,70.5078,43.5417,636.86,504.105
13,1,325,70.5859,43.4028,637.721,503.595
13,1,326,70.7031,43.2639,638.311,502.627
13,1,327,70.6641,43.3333,638.372,502.904
13,1,328,70.7812,43.1944,638.92,502.13
13,1,329,70.8203,43.125,639.597,501.861
13,1,330,70.8594,43.0556,640.286,501.646
13,1,331,70.9375,42.9861,640.594,501.072
13,1,332,71.0938,42.7083,640.933,499.643
13,1,333,71.1328,42.7083,640.966,499.513
13,1,334,71.1719,42.5694,641.23,498.99
13,1,335,71.3672,42.2222,641.375,497.225
13,1,336,71.3672,42.2222,641.539,497.259
13,1,337,71.4062,42.2222,641.762,497.257
13,1,338,71.3672,42.2222,641.75,497.35
13,1,339,71.3672,42.2917,641.8,497.409
13,1,340,71.4062,42.2222,642.244,497.219
13,1,341,71.5234,42.0139,642.268,496.039
13,1,342,71.6406,41.8056,642.762,495.22
13,1,343,71.7578,41.6667,642.95,494.464
13,1,344,71.875,41.3889,643.076,493.244
13,1,345,71.875,41.4583,643.135,493.314
13,1,346,71.875,41.4583,643.418,493.264
13,1,347,71.7578,41.7361,643.774,494.717
13,1,348,71.7969,41.6667,643.969,494.299
13,1,349,71.9922,41.3194,644.062,492.694
13,1,350,72.1484,41.0417,644.309,491.379
13,1,351,72.1094,41.1111,644.319,491.723
13,1,352,72.2656,40.7639,644.448,490.208
13,1,353,72.2266,40.9028,644.86,490.662
13,1,354,72.2656,40.8333,644.979,490.343
13,1,355,72.3047,40.8333,645.445,490.342
13,1,356,72.3438,40.7639,645.477,489.971
13,1,357,72.3438,40.7639,645.477,489.971
13,1,358,72.3828,40.6944,645.497,489.603
13,1,359,72.4609,40.5556,645.658,489.02
13,1,360,72.6172,40.2778,645.562,487.818
13,1,361,72.7344,40.0694,646.03,486.776
13,1,362,72.7344,40.1389,646.529,486.994
13,1,363,72.7344,40.0694,646.541,486.909
13,1,364,72.6562,40.2778,646.635,487.567
13,1,365,72.7734,40.0694,646.788,486.734
13,1,366,72.8516,39.9306,646.967,486.31
13,1,367,72.9688,39.7222,646.984,485.103
13,1,368,73.125,39.4444,646.878,484.031
13,1,369,73.125,39.4444,646.959,484.032
13,1,370,73.1641,39.3056,646.886,483.467
13,1,371,73.2422,39.1667,646.977,482.866
13,1,372,73.2422,39.1667,646.704,482.941
13,1,373,73.2422,39.1667,646.996,482.989
13,1,374,73.3594,38.9583,646.863,481.948
13,1,375,73.3594,38.9583,646.844,482.039
13,1,376,73.5547,38.6111,647.111,480.593
13,1,377,73.6328,38.4722,646.969,479.902
13,1,378,73.75,38.2639,647.162,479.022
13,1,379,73.7109,38.3333,647.192,479.364
13,1,380,73.8672,38.0556,647.417,478.172
13,1,381,73.8672,37.9861,647.313,478.062
13,1,382,73.8672,38.0556,647.483,478.178
13,1,383,73.9453,37.9167,647.294,477.64
13,1,384,74.0234,37.7778,647.401,476.984
13,1,385,74.2188,37.3611,647.373,475.537
13,1,386,74.2188,37.3611,647.368,475.505
13,1,387,74.2578,37.3611,647.42,475.415
13,1,388,74.2578,37.3611,647.378,475.389
13,1,389,74.2578,37.3611,647.567,475.473
12,1,306,62.1094,35.8333,399.271,486.648
12,1,307,62.2656,35.7639,402.15,486.009
12,1,308,62.3828,35.7639,404.682,486.041
12,1,309,62.3828,35.8333,404.635,486.049
12,1,310,62.5391,35.9028,407.868,486.122
12,1,311,62.5391,36.3194,410.589,487.793
12,1,312,62.6953,36.25,413.412,487.378
12,1,313,62.7734,36.3889,416.109,487.544
12,1,314,62.9688,36.1806,418.868,486.661
12,1,315,62.9297,36.25,418.822,486.902
12,1,316,63.2422,35.6944,421.5,484.526
12,1,317,63.3594,35.6944,424.083,484.241
12,1,318,63.3984,36.1111,427.223,485.697
12,1,319,63.5547,36.1111,430.609,485.395
12,1,320,63.6719,36.1111,432.999,485.293
12,1,321,63.6719,36.0417,432.989,485.185
12,1,322,63.9062,35.7639,435.685,483.922
12,1,323,64.0234,35.7639,438.476,483.644
12,1,324,64.1406,35.8333,440.734,483.61
12,1,325,64.375,35.5556,443.668,482.309
12,1,326,64.4922,35.625,446.91,482.529
12,1,327,64.4922,35.625,447.01,482.508
12,1,328,64.5703,35.7639,449.265,482.966
12,1,329,64.6875,35.9028,452.593,483.214
12,1,330,64.8047,35.9028,454.996,483.07
12,1,331,64.9219,35.9722,457.527,483.142
12,1,332,65.3125,35.1389,460.227,479.812
12,1,333,65.3125,35.1389,460.329,479.637
12,1,334,65.4688,35.1389,462.878,479.463
12,1,335,65.5078,35.4167,465.83,480.286
12,1,336,65.5859,35.625,468.584,480.955
12,1,337,65.6641,35.6944,471.008,481.231
12,1,338,65.8203,35.7639,474.349,481.228
12,1,339,65.8203,35.7639,474.349,481.228
12,1,340,65.9375,35.7639,476.999,481.021
12,1,341,66.1328,35.6944,479.749,480.551
12,1,342,66.3281,35.4861,482.398,479.682
12,1,343,66.4062,35.625,485.26,480.016
12,1,344,66.6406,35.4861,488.51,479.217
12,1,345,66.6797,35.4167,488.599,478.755
12,1,346,66.7188,35.625,491.062,479.448
12,1,347,66.875,35.6944,494.548,479.656
12,1,348,66.875,36.0417,497.072,480.627
12,1,349,67.1484,35.625,499.662,478.925
12,1,350,67.5,35.2083,503.336,477.133
12,1,351,67.5,35.2083,503.445,477.11
12,1,352,67.5391,35.5556,506.354,478.081
12,1,353,67.6562,35.625,509.556,478.187
12,1,354,67.6562,36.0417,512.286,479.748
12,1,355,67.9297,35.6944,515.359,478.098
12,1,356,68.0469,35.8333,518.504,478.545
12,1,357,68.0469,35.8333,518.504,478.545
12,1,358,68.3203,35.4861,521.587,476.983
12,1,359,68.5156,35.4861,524.837,476.582
12,1,360,68.6719,35.5556,528.503,476.677
12,1,361,68.7109,36.0417,532.576,478.322
12,1,362,68.9844,35.6944,535.238,476.899
12,1,363,68.9844,35.6944,535.373,476.717
12,1,364,69.0234,36.0417,538.67,477.819
12,1,365,69.1016,36.1806,541.811,478.291
12,1,366,69.4922,35.7639,545.293,476.3
12,1,367,69.6484,35.7639,548.722,476.164
12,1,368,69.8047,35.8333,552.109,476.244
12,1,369,69.8047,35.8333,552.109,476.244
12,1,370,69.7656,36.25,554.909,477.675
12,1,371,70,36.25,558.847,477.169
12,1,372,70.1953,36.1806,561.945,476.809
12,1,373,70.4297,35.9722,564.899,475.825
12,1,374,70.5078,36.25,568.122,476.601
12,1,375,70.4688,36.25,567.996,476.749
12,1,376,70.7812,35.9028,570.92,475.23
12,1,377,70.8984,36.0417,574.506,475.469
12,1,378,71.0938,36.1111,578.279,475.4
12,1,379,71.3281,36.0417,582.096,474.771
12,1,380,71.6016,35.8333,585.529,473.958
12,1,381,71.6016,35.8333,585.586,473.813
12,1,382,71.4844,36.4583,588.55,475.966
12,1,383,71.6406,36.3889,591.434,475.692
12,1,384,72.1094,35.6944,594.222,472.88
12,1,385,72.4219,35.5556,597.844,471.936
12,1,386,72.3828,36.0417,601.347,473.582
12,1,387,72.3828,35.9722,601.288,473.352
12,1,388,72.3438,36.5278,604.7,475.128
12,1,389,72.5781,36.3194,607.556,474.32
12,1,390,74.3359,37.2222,648.032,474.801
12,1,390,72.7734,36.1806,609.816,473.478
12,1,391,73.1641,35.5556,611.894,471.15
12,1,391,74.6484,36.6667,648.312,472.619
12,1,392,74.8438,36.3194,648.563,471.483
12,1,392,73.3594,35.4861,614.174,470.618
12,1,393,74.8438,36.3194,648.708,471.389
12,1,393,73.3594,35.4861,614.174,470.618
12,1,394,74.9219,36.1806,649.014,470.93
12,1,394,73.5156,35.3472,616.444,470.042
12,1,395,75.0781,35.9722,649.655,470.074
12,1,395,73.5156,35.625,618.592,470.854
12,1,396,75.0781,36.0417,650.144,470.299
12,1,396,73.5938,35.6944,620.828,470.999
12,1,397,73.6328,35.9722,623.453,471.833
12,1,397,75.0391,36.1806,650.441,470.748
12,1,398,73.7891,35.9028,625.572,471.382
12,1,398,75.1562,35.9722,650.944,469.937
12,1,399,73.75,35.9028,625.572,471.479
12,1,399,75.1562,35.9722,650.833,469.905
12,1,400,73.9062,35.8333,627.316,471.015
12,1,400,75.5469,35.3472,651.765,467.691
12,1,401,73.9453,35.9722,629.457,471.393
12,1,401,75.6641,35.2083,652.305,466.956
12,1,402,74.1016,35.9028,631.213,471.014
12,1,402,75.6641,35.2778,652.77,467.184
12,1,403,75.6641,35.3472,653.552,467.399
12,1,403,74.5703,35.2778,633.596,468.494
12,1,404,75.7031,35.2778,654.254,467.252
12,1,404,74.4531,35.625,635.146,469.609
12,1,405,74.5703,35.6944,637.624,469.721
12,1,405,75.8594,35.0694,654.671,466.471
12,1,406,74.6875,35.4167,637.724,468.829
12,1,406,75.8594,35.0694,654.635,466.467
12,1,407,75.3516,35.1389,646.004,467.186
12,1,407,76.1328,34.5833,654.977,464.779
12,1,407,75.1172,34.9306,640.536,466.749
12,1,408,75.625,35,649.573,466.398
12,1,409,75.5859,35.1389,650.456,466.846
12,1,410,75.625,35.1389,651.185,466.931
12,1,411,75.5859,35.3472,652.815,467.624
12,1,412,75.5859,35.4167,652.762,467.727
12,1,413,75.7031,35.3472,654.421,467.504
12,1,414,75.9766,35,656.095,466.051
12,1,415,76.1719,34.7917,656.908,465.169
12,1,416,76.2109,34.8611,658.402,465.358
12,1,417,76.4062,34.5833,659.849,464.39
12,1,418,76.3672,34.6528,659.83,464.616
12,1,419,76.4453,34.7222,661.207,464.641
12,1,420,76.4844,34.7222,662.28,464.777
12,1,421,76.5625,34.8611,664.234,464.953
12,1,422,76.4453,36.0417,674.5,468.665
12,1,422,77.1484,32.9861,657.519,459.058
12,1,423,76.6797,35.9028,676.697,467.972
12,1,423,77.1484,32.9861,657.567,459.045
12,1,424,76.6797,35.9028,676.705,467.863
12,1,424,77.1484,32.9861,657.476,459.049
12,1,425,76.875,35.8333,679.472,467.407
12,1,425,77.2656,32.7778,657.599,458.554
12,1,426,77.1094,35.6944,681.969,466.809
12,1,427,77.3828,35.4861,684.737,465.938
12,1,428,77.4609,35.625,687.778,466.198
12,1,429,77.4609,35.9722,690.794,467.119
12,1,430,77.4219,36.0417,690.821,467.424
12,1,431,77.6953,35.9028,694.001,466.703
12,1,432,77.7734,35.9722,696.729,466.915
12,1,433,77.8125,36.3194,699.794,467.762
12,1,434,78.0859,36.1111,702.607,466.803
12,1,435,78.3984,35.8333,705.379,465.628
12,1,436,78.4375,35.7639,705.411,465.498
12,1,437,78.6719,35.6944,708.358,464.974
12,1,438,78.6719,35.9722,711.078,465.774
12,1,439,78.75,36.1111,714.338,466.153
12,1,440,78.9062,36.1111,716.824,465.862
12,1,441,79.1797,35.9028,719.409,464.976
12,1,442,79.1797,35.9028,719.364,465.033
12,1,443,79.2969,35.9722,722.041,465.124
12,1,444,79.8828,35.3472,724.888,462.571
12,1,445,79.8438,35.625,727.702,463.451
12,1,446,79.7656,36.0417,730.238,464.784
12,1,447,79.8828,36.1111,732.817,464.822
12,1,448,79.8828,36.1111,732.847,464.725
12,1,449,80.1172,35.9722,735.746,464.092
12,1,450,80.3125,35.9722,738.948,464.012
12,1,451,80.2734,36.25,741.196,464.824
12,1,452,80.5078,36.1806,744.534,464.303
12,1,453,80.8594,35.9028,746.607,463.095
12,1,454,80.8594,35.9028,746.607,463.095
12,1,455,81.0547,35.9028,750.448,462.931
12,1,456,80.9375,36.3194,752.504,464.191
12,1,457,81.2891,36.0417,755.499,462.959
12,1,458,81.6797,35.6944,757.805,461.552
12,1,459,81.6406,35.9028,759.953,462.286
12,1,460,81.6016,35.9722,760.05,462.541
12,1,461,81.7969,35.9028,762.658,462.1
12,1,462,82.0312,35.8333,765.444,461.63
12,1,463,81.875,36.25,767.923,462.992
12,1,464,82.1875,36.0417,770.438,462.091
12,1,465,82.3047,36.1111,772.891,462.071
12,1,466,82.3047,36.1111,772.891,462.071
12,1,467,82.4219,36.1806,775.982,462.189
12,1,468,82.3438,36.5278,778.178,463.134
12,1,469,82.6172,36.3194,780.374,462.379
12,1,470,82.8906,36.1111,782.663,461.501
12,1,471,82.9297,36.25,785.209,461.872
12,1,472,82.9297,36.25,785.209,461.872
12,1,473,82.9688,36.4583,787.969,462.363
12,1,474,83.4375,36.0417,789.967,460.674
12,1,475,83.8672,35.5556,791.982,458.983
12,1,476,84.0625,35.5556,794.241,458.603
12,1,477,84.1016,35.625,796.428,458.882
12,1,478,84.1016,35.625,796.433,458.879
12,1,479,84.1016,35.8333,798.277,459.356
12,1,480,84.1797,35.9028,800.431,459.451
12,1,481,84.375,35.8333,802.707,458.993
12,1,482,84.5312,35.7639,804.69,458.723
12,1,483,84.7656,35.625,806.127,458.059
12,1,484,84.7656,35.625,806.126,458.077
12,1,485,84.7656,35.7639,808.461,458.52
12,1,486,84.8047,35.8333,809.768,458.617
12,1,487,85.1562,35.4861,810.982,457.252
12,1,488,85.2344,35.5556,812.988,457.474
12,1,489,85.2734,35.625,814.489,457.579
12,1,490,85.2734,35.625,814.51,457.552
12,1,491,85.4688,35.4861,815.74,456.941
12,1,492,85.7422,35.2083,816.857,455.898
12,1,493,86.0547,34.8611,817.666,454.782
12,1,494,86.4844,34.375,818.744,453.136
12,1,495,86.5234,34.375,819.247,453.057
12,1,496,86.5234,34.375,819.247,453.057
12,1,497,86.6797,34.2361,820.334,452.622
12,1,498,86.6406,34.375,821.105,452.882
12,1,499,86.5234,34.5833,821.892,453.576
12,1,500,86.7578,34.375,822.473,452.787
12,1,501,86.7578,34.375,822.914,452.779
12,1,502,86.7969,34.375,822.988,452.755
12,1,503,86.8359,34.3056,823.335,452.611
12,1,504,86.9141,34.1667,823.376,452.214
12,1,505,87.0703,34.0278,823.65,451.629
12,1,506,87.1094,33.9583,823.542,451.485
12,1,507,87.2266,33.8194,823.673,451.056
12,1,508,87.2266,33.8194,823.591,451.061
12,1,509,87.2656,33.8194,823.815,450.929
12,1,510,87.5391,33.3333,823.408,449.6
12,1,511,87.6562,33.2639,823.264,449.217
12,1,512,87.8906,32.9167,822.951,448.17
12,1,513,87.8125,32.9167,822.564,448.268
12,1,514,87.8125,32.9167,822.564,448.268
12,1,515,87.8125,32.9167,822.168,448.288
12,1,516,87.6953,32.9861,821.578,448.616
12,1,517,87.7344,32.9167,821.025,448.406
12,1,518,87.8516,32.7083,820.438,447.794
12,1,519,87.9688,32.5,819.62,447.129
12,1,520,87.9688,32.4306,819.533,447.055
12,1,521,88.0859,32.1528,818.708,446.332
12,1,522,88.2422,31.9444,818.093,445.612
12,1,523,88.3203,31.7361,817.08,445.137
12,1,524,87.9688,32.1528,816.759,446.411
12,1,525,87.8906,32.2222,815.701,446.569
12,1,526,87.9688,32.0833,815.684,446.309
12,1,527,87.6953,32.3611,814.83,447.123
12,1,528,87.8125,32.0833,813.977,446.421
12,1,529,87.8516,32.0139,813.088,446.132
12,1,530,87.7734,32.0139,811.931,446.165
12,1,531,88.0469,31.4583,810.497,444.736
12,1,532,88.0469,31.4583,810.497,444.736
12,1,533,87.8516,31.6667,809.183,445.377
12,1,534,87.8516,31.4583,807.592,444.894
12,1,535,88.1641,30.9028,805.823,443.342
12,1,536,88.1641,30.7639,804.603,443.101
12,1,537,88.0469,30.8333,803.177,443.316
12,1,538,88.0859,30.7639,803.119,443.122
12,1,539,88.0469,30.625,801.636,442.854
12,1,540,88.0469,30.4861,799.813,442.574
12,1,541,87.9688,30.4167,798.462,442.561
12,1,542,87.8125,30.5556,797.012,442.91
12,1,543,87.6953,30.5556,795.529,442.97
12,1,544,87.5781,30.6944,795.452,443.487
12,1,545,87.5,30.625,794.048,443.407
12,1,546,87.3438,30.6944,792.346,443.727
12,1,547,87.8125,29.7917,790.082,441.281
12,1,548,87.5781,30,788.741,441.904
12,1,549,87.6562,29.7222,786.716,441.296
12,1,550,87.6172,29.7222,786.713,441.305
12,1,551,87.1484,30.2778,785.225,442.925
12,1,552,87.0703,30.2083,783.565,442.822
12,1,553,87.3438,29.6528,781.843,441.4
12,1,554,87.5781,29.2361,780.63,440.256
12,1,555,87.4609,29.1667,778.876,440.233
12,1,556,87.5,29.0972,778.978,440.13
12,1,557,87.3828,29.1667,777.173,440.264
12,1,558,87.3047,29.0972,775.43,440.197
12,1,559,86.9531,29.375,773.778,441.147
12,1,560,86.7188,29.5833,772.512,441.818
12,1,561,86.8359,29.3056,771.117,441.08
12,1,562,86.8359,29.3056,771.117,441.08
12,1,563,86.6797,29.3056,769.107,441.229
12,1,564,86.4844,29.4444,767.576,441.73
12,1,565,86.9141,28.6806,766.168,439.719
12,1,566,86.875,28.5417,764.503,439.471
12,1,567,86.7188,28.6111,763.096,439.71
12,1,568,86.7188,28.6111,763.096,439.71
12,1,569,86.4062,28.9583,761.582,440.708
12,1,570,85.9375,29.4444,760.02,442.161
12,1,571,86.0547,29.0972,758.224,441.341
12,1,572,86.0938,28.8889,756.705,440.835
12,1,573,86.1719,28.5417,754.862,440.006
12,1,574,86.2109,28.4722,754.846,439.892
12,1,575,85.9766,28.75,753.444,440.612
12,1,576,85.8203,28.8194,751.911,440.876
12,1,577,85.7422,28.6806,750.04,440.757
12,1,578,85.5859,28.75,747.996,440.899
12,1,579,85.3516,28.9583,746.682,441.609
12,1,580,85.3516,28.9583,746.682,441.609
12,1,581,85.1562,29.0278,744.952,441.979
12,1,582,85.2344,28.75,743.09,441.287
12,1,583,85.2344,28.5417,741.462,440.85
12,1,584,84.9609,28.8889,740.104,441.758
12,1,585,84.6875,29.0972,738.56,442.485
12,1,586,84.6875,29.0972,738.569,442.465
12,1,587,84.6484,28.8889,736.246,442.06
12,1,588,84.7266,28.6111,734.324,441.374
12,1,589,84.5312,28.6806,732.391,441.759
12,1,590,84.5312,28.4722,730.574,441.259
12,1,591,84.3359,28.6111,728.916,441.707
12,1,592,84.3359,28.6111,728.916,441.707
12,1,593,84.1797,28.6111,727.068,441.877
12,1,594,84.0625,28.6806,725.707,442.098
12,1,595,83.7891,28.8889,723.654,442.9
12,1,596,83.6719,28.8194,721.232,442.837
12,1,597,83.6719,28.6806,719.76,442.468
12,1,598,83.6328,28.6806,719.753,442.507
12,1,599,83.7109,28.3333,717.727,441.674
12,1,600,83.6719,28.1944,716.144,441.442
12,1,601,83.75,27.9167,714.413,440.744
12,1,602,83.5547,28.0556,712.434,441.198
12,1,603,83.3203,28.1944,710.771,441.68
12,1,604,83.1641,28.1944,708.703,441.876
12,1,605,83.1641,28.1944,708.703,441.876
12,1,606,82.8516,28.5417,706.651,442.838
12,1,607,82.7734,28.4028,704.758,442.657
12,1,608,82.5391,28.6111,702.839,443.249
12,1,609,82.0703,29.1667,700.818,445.018
12,1,610,82.1094,28.9583,699.526,444.434
12,1,611,82.1094,28.9583,699.526,444.434
12,1,612,81.9531,29.0278,697.751,444.772
12,1,613,81.7969,29.0972,696.219,445.122
12,1,614,81.7578,29.0278,694.795,444.845
12,1,615,81.9922,28.4722,693.578,443.555
12,1,616,82.0312,28.2639,692.428,442.96
12,1,617,82.0312,28.2639,692.421,442.919
12,1,618,82.0703,28.0556,690.984,442.508
12,1,619,81.875,28.1944,689.868,443
12,1,620,81.5625,28.6111,688.346,444.092
12,1,621,81.6016,28.4028,687.006,443.671
12,1,622,81.25,28.8194,685.731,444.944
12,1,623,81.25,28.8194,685.767,444.997
12,1,624,81.2109,28.8194,684.85,444.865
12,1,625,81.0547,28.9583,684.005,445.429
12,1,626,80.8594,29.0972,682.447,445.901
12,1,627,80.6641,29.375,681.494,446.705
12,1,628,80.5469,29.5139,680.892,447.158
12,1,629,80.5469,29.5139,680.892,447.158
12,1,630,80.3906,29.7222,680.121,447.717
12,1,631,80.3906,29.5833,679.233,447.464
12,1,632,80.3906,29.5833,678.897,447.37
26,0,316,38.3203,49.5139,880.257,474.367
26,0,317,38.3203,49.5139,880.257,474.367
27,0,419,38.2812,49.5139,879.074,474.32
27,0,420,38.2812,49.5139,879.453,474.266
28,1,426,77.4609,32.4306,657.511,457.265
28,1,427,77.5,32.3611,657.326,457.041
28,1,428,77.5781,32.1528,657.202,456.592
28,1,429,77.4609,32.4306,657.282,457.265
28,1,430,77.4219,32.4306,657.278,457.386
28,1,431,77.5781,32.1528,657.052,456.447
28,1,432,77.6562,32.0139,656.989,455.983
28,1,433,77.6953,31.875,656.689,455.735
28,1,434,77.7734,31.6667,656.137,454.986
28,1,435,77.8906,31.3889,655.91,454.294
28,1,436,77.8906,31.3889,656.028,454.227
28,1,437,78.0469,31.1111,655.603,453.345
28,1,438,77.8516,31.4583,655.41,454.349
28,1,439,78.0469,31.0417,655.037,453.124
28,1,440,78.1641,30.7639,654.559,452.443
28,1,441,78.1641,30.7639,654.337,452.403
28,1,442,78.2422,30.5556,654.332,451.784
28,1,443,78.3594,30.3472,654.048,451.228
28,1,444,78.4375,30.1389,653.853,450.672
28,1,445,78.3203,30.3472,653.766,451.279
28,1,446,78.3594,30.2778,653.548,451.03
28,1,447,78.3984,30.1389,652.706,450.561
28,1,448,78.3984,30.0694,652.672,450.492
28,1,449,78.3594,30.1389,652.606,450.688
28,1,450,78.3984,30,652.225,450.37
28,1,451,78.5938,29.6528,652.041,449.293
28,1,452,78.8672,29.0972,651.658,447.743
28,1,453,78.75,29.2361,650.997,448.106
28,1,454,78.75,29.2361,650.997,448.106
28,1,455,78.7109,29.3056,650.643,448.291
28,1,456,78.6328,29.3056,650.252,448.462
28,1,457,78.8281,28.9583,649.676,447.364
28,1,458,78.9453,28.6111,649.33,446.549
28,1,459,78.9062,28.6806,649.012,446.65
28,1,460,78.9062,28.6806,649.012,446.65
28,1,461,79.0234,28.4028,648.659,445.972
28,1,462,79.1016,28.1944,647.903,445.428
28,1,463,79.0625,28.2639,647.846,445.625
28,1,464,78.9062,28.4028,647.023,446.168
28,1,465,78.8672,28.4028,646.085,446.142
28,1,466,78.8672,28.4028,646.09,446.17
28,1,467,79.0625,28.0556,645.858,445.122
28,1,468,79.0234,27.9861,644.957,445.01
28,1,469,79.0625,27.7778,643.754,444.508
28,1,470,79.0234,27.7083,642.804,444.413
28,1,471,78.9453,27.7778,641.897,444.626
28,1,472,78.9062,27.7778,641.915,444.722
28,1,473,78.8672,27.7778,641.179,444.686
28,1,474,78.6719,27.9861,640.112,445.367
28,1,475,79.0625,27.0833,639.054,443.073
28,1,476,79.1406,26.8056,637.739,442.348
28,1,477,79.1797,26.5972,636.858,441.842
28,1,478,79.1797,26.5972,636.839,441.81
28,1,479,79.2188,26.4583,636.153,441.602
28,1,480,79.0625,26.5278,634.672,441.853
28,1,481,78.7891,26.9444,633.633,442.936
28,1,482,78.6719,27.0139,632.314,443.191
28,1,483,78.6328,26.9444,631.243,443.06
28,1,484,78.6328,26.9444,631.243,443.06
28,1,485,78.8281,26.3194,629.778,441.598
28,1,486,78.8281,26.1806,627.989,441.213
28,1,487,78.9062,25.8333,626.329,440.416
28,1,488,78.5547,26.25,625.139,441.674
28,1,489,78.4375,26.3889,623.843,442.021
28,1,490,78.4375,26.3889,623.843,442.021
28,1,491,78.4766,26.1111,622.095,441.365
28,1,492,78.5938,25.625,620.685,440.329
28,1,493,78.5938,25.4167,619.064,439.884
28,1,494,78.5547,25.3472,617.711,439.694
28,1,495,78.5156,25.1389,616.157,439.333
28,1,496,78.4375,25.3472,616.218,439.784
28,1,497,78.3203,25.3472,614.849,439.927
28,1,498,78.0078,25.7639,613.334,441.094
28,1,499,78.0078,25.5556,611.927,440.709
28,1,500,77.6562,26.1111,610.404,442.121
28,1,501,77.7344,25.7639,608.798,441.336
28,1,502,77.6953,25.7639,608.818,441.407
28,1,503,77.6953,25.5556,606.959,440.848
28,1,504,77.5,25.7639,605.498,441.527
28,1,505,77.1875,26.1806,604.021,442.733
28,1,506,77.1875,25.9722,602.422,442.208
28,1,507,77.1094,25.9722,600.912,442.29
28,1,508,77.0703,25.9722,600.814,442.383
28,1,509,77.2656,25.2778,598.724,440.717
28,1,510,77.3828,24.9306,597.435,439.856
28,1,511,77.2656,25,596.372,440.151
28,1,512,77.1484,25,594.766,440.204
28,1,513,77.0312,25.0694,593.125,440.415
28,1,514,77.0312,25.0694,593.125,440.415
28,1,515,76.7188,25.4861,591.716,441.575
28,1,516,76.7578,25.2083,590.222,440.972
28,1,517,76.7188,25,588.611,440.622
28,1,518,76.7578,24.7917,587.305,440.081
28,1,519,76.6016,24.8611,585.743,440.359
28,1,520,76.5234,25.0694,585.736,440.801
28,1,521,76.6797,24.5833,584.468,439.694
28,1,522,76.6406,24.4444,583.024,439.409
28,1,523,76.25,25.0694,581.842,441.176
28,1,524,76.1328,25.1389,580.365,441.365
28,1,525,76.25,24.6528,578.627,440.235
28,1,526,76.25,24.5833,578.728,440.067
28,1,527,76.25,24.4444,577.494,439.82
28,1,528,76.1328,24.5833,576.498,440.118
28,1,529,75.8594,25,574.949,441.266
28,1,530,75.7812,24.9306,573.746,441.185
28,1,531,75.7031,25,572.781,441.407
28,1,532,75.6641,25.0694,572.761,441.615
28,1,533,75.5859,25,571.532,441.562
28,1,534,75.4688,25.1389,570.594,441.996
28,1,535,75.7422,24.4444,569.79,440.256
28,1,536,75.7422,24.2361,568.568,439.809
28,1,537,75.8203,23.8889,567.758,439.068
28,1,538,75.8203,23.8889,567.831,439.036
28,1,539,75.7812,23.8889,566.894,439.074
28,1,540,75.6641,24.0278,566.369,439.441
28,1,541,75.5859,24.0972,565.395,439.684
28,1,542,75.5078,24.1667,564.944,439.889
28,1,543,75.5078,24.0972,564.005,439.735
28,1,544,75.5078,24.0972,564.039,439.753
28,1,545,75.4297,24.0972,562.867,439.712
28,1,546,75.3125,24.2361,562.184,440.139
28,1,547,75.1172,24.5833,561.491,441.044
28,1,548,75.1953,24.375,561.209,440.468
28,1,549,75.1172,24.4444,560.758,440.77
28,1,550,75.1562,24.375,560.679,440.596
28,1,551,75.1172,24.375,560.036,440.656
28,1,552,75.0391,24.5833,559.86,441.052
28,1,553,74.9609,24.5833,559.42,441.2
28,1,554,74.9219,24.6528,559.068,441.379
28,1,555,74.8438,24.7917,558.689,441.654
28,1,556,74.8438,24.7917,558.648,441.638
28,1,557,74.9219,24.6528,558.545,441.318
28,1,558,74.9219,24.5139,558.181,441.041
28,1,559,74.8828,24.6528,558.076,441.324
28,1,560,74.8438,24.6528,557.784,441.354
28,1,561,74.8047,24.7917,557.897,441.786
28,1,562,74.8438,24.6528,557.872,441.382
28,1,563,74.7656,24.8611,557.81,441.925
28,1,564,74.7266,24.9306,557.521,442.176
28,1,565,74.7266,25,558.009,442.323
28,1,566,74.7656,24.9306,558.149,442.009
28,1,567,74.8438,24.7917,558.872,441.789
28,1,568,74.8438,24.7917,558.888,441.775
28,1,569,74.8828,24.7917,559.436,441.69
28,1,570,74.9609,24.7222,559.884,441.389
28,1,571,75,24.6528,560.377,441.294
28,1,572,75,24.7917,560.962,441.561
28,1,573,75,24.9306,561.642,441.859
28,1,574,74.9609,24.9306,561.405,441.974
28,1,575,74.9219,25.1389,562.168,442.385
28,1,576,74.8438,25.4861,563.343,443.293
28,1,577,74.8438,25.6944,564.303,443.617
28,1,578,74.8438,25.8333,565.534,443.911
28,1,579,74.8828,25.9722,567.062,444.269
28,1,580,74.8828,25.9722,567.062,444.269
28,1,581,74.9219,26.1111,568.565,444.548
28,1,582,75,26.1111,569.891,444.505
28,1,583,74.9219,26.5278,571.175,445.393
28,1,584,74.8047,26.9444,572.166,446.449
28,1,585,75,26.6667,573.785,445.753
28,1,586,75.0391,26.5972,573.85,445.503
28,1,587,75.3125,26.25,575.76,444.56
28,1,588,75.5078,26.1806,577.694,444.125
28,1,589,75.4688,26.4583,579.122,444.8
28,1,590,75.5859,26.3889,580.646,444.516
28,1,591,75.7031,26.3889,582.361,444.451
28,1,592,75.7031,26.3889,582.361,444.451
28,1,593,75.7422,26.5278,583.625,444.677
28,1,594,75.6641,26.875,585.508,445.537
28,1,595,75.6641,27.2222,587.284,446.297
28,1,596,75.7422,27.2222,588.825,446.344
28,1,597,75.7812,27.4306,590.713,446.685
28,1,598,75.7422,27.4306,590.674,446.8
28,1,599,75.8984,27.3611,592.669,446.493
28,1,600,76.0156,27.4306,594.683,446.508
28,1,601,76.3281,27.0833,597.136,445.36
28,1,602,76.3281,27.2917,598.659,445.878
28,1,603,76.25,27.6389,600.112,446.793
28,1,604,76.6406,27.1528,602.336,445.277
28,1,605,76.5234,27.4306,602.338,445.979
28,1,606,76.7969,27.1528,604.541,445.154
28,1,607,77.1875,26.5278,605.961,443.472
28,1,608,77.2266,26.7361,608.005,443.818
28,1,609,77.3047,26.7361,609.882,443.822
28,1,610,77.1875,27.2917,611.658,445.113
28,1,611,77.2266,27.2222,611.706,444.975
28,1,612,77.1484,27.6389,613.516,445.948
28,1,613,77.2266,27.6389,615.335,445.904
28,1,614,77.2266,27.8472,617.063,446.405
28,1,615,77.3438,27.9167,618.787,446.378
28,1,616,77.3438,28.1944,620.76,447.054
28,1,617,77.3047,28.1944,620.741,447.099
28,1,618,77.5,28.125,622.609,446.744
28,1,619,77.4219,28.5417,624.842,447.832
28,1,620,77.6172,28.4028,627.005,447.331
28,1,621,77.7734,28.2639,628.275,446.741
28,1,622,77.8516,28.3333,629.932,446.937
28,1,623,77.7734,28.5417,629.985,447.425
28,1,624,77.9688,28.3333,631.72,446.831
28,1,625,78.0469,28.4028,633.711,446.93
28,1,626,77.8906,28.8889,634.878,448.167
28,1,627,77.8906,29.1667,636.89,448.789
28,1,628,78.0859,28.9583,638.64,448.068
28,1,629,78.0469,29.0278,638.646,448.313
28,1,630,78.0859,29.1667,640.053,448.638
28,1,631,78.0469,29.375,641.192,449.19
28,1,632,78.0859,29.375,642.158,449.186
28,1,633,78.0859,29.5139,643.484,449.505
28,1,633,80.3906,29.5139,678.552,447.194
28,1,634,78.1641,29.5833,644.645,449.475
28,1,634,80.2734,29.6528,678.287,447.769
28,1,635,78.125,29.6528,644.671,449.665
28,1,635,80.4297,29.375,678.146,446.928
28,1,636,78.125,29.8611,646.192,450.221
28,1,636,80.2734,29.6528,677.854,447.681
28,1,637,77.9688,30.2083,646.96,451.244
28,1,637,80.1562,29.7917,677.255,448.052
28,1,638,78.0469,30.1389,647.424,450.975
28,1,638,79.8828,30.2083,676.966,449.428
28,1,639,78.0859,30,647.407,450.645
28,1,639,79.7656,30.2778,676.16,449.721
28,1,640,78.0469,30.1389,647.534,450.91
28,1,640,79.8047,30.2083,675.528,449.535
28,1,641,78.0469,30.1389,647.534,450.91
28,1,641,79.7656,30.2778,675.508,449.589
28,1,642,78.0078,30.1389,647.34,451.061
28,1,642,79.6484,30.4167,674.58,450.048
28,1,643,77.8906,30.4167,647.478,451.871
28,1,643,79.4531,30.625,673.92,450.878
28,1,644,77.6953,30.8333,648.146,453.031
28,1,644,79.3359,30.8333,673.41,451.39
28,1,645,77.5,31.25,648.293,454.228
28,1,645,79.1016,31.1806,672.772,452.469
28,1,646,77.5,31.25,648.254,454.358
28,1,646,79.1406,30.9722,671.737,451.908
28,1,647,77.5,31.25,648.254,454.358
28,1,647,79.1406,30.9722,671.737,451.908
28,1,648,77.6562,30.9028,647.86,453.169
28,1,648,79.2578,30.625,670.601,450.997
28,1,649,77.8125,30.4861,647.046,452.102
28,1,649,79.375,30.2778,669.625,450.11
28,1,650,77.6562,30.7639,646.636,452.888
28,1,650,79.1797,30.5556,668.879,450.796
28,1,651,77.5,30.9722,646.228,453.619
28,1,651,79.0234,30.6944,667.883,451.41
28,1,652,77.3828,31.1806,645.687,454.261
28,1,652,78.8281,31.0417,667.128,452.367
28,1,653,77.3828,31.1806,645.663,454.225
28,1,653,78.8281,31.0417,667.132,452.392
28,1,654,78.5938,31.3194,665.928,453.263
28,1,654,77.2266,31.4583,645.501,455.04
28,1,655,78.3203,31.5972,664.731,454.374
28,1,655,77.2266,31.3889,644.841,454.926
28,1,656,78.2031,31.6667,663.049,454.512
28,1,656,77.1875,31.4583,644.551,455.085
28,1,657,78.125,31.7361,661.857,454.798
28,1,657,77.2266,31.3194,644.656,454.782
28,1,658,78.2031,31.3194,660.233,453.72
28,1,658,77.1094,31.5278,644.445,455.388
28,1,659,78.2031,31.3194,660.233,453.72
28,1,659,77.1094,31.5278,644.437,455.355
28,1,660,77.2656,32.0833,651.457,456.583
28,1,661,77.0703,32.2917,650.368,457.379
28,1,662,76.9531,32.5,650.189,458.047
28,1,663,76.875,32.6389,649.79,458.535
28,1,664,76.8359,32.6389,649.593,458.606
28,1,665,76.8359,32.6389,649.595,458.567
28,1,666,76.7578,32.7778,649.362,459.004
28,1,667,76.4844,33.2639,648.966,460.602
28,1,668,76.4453,33.3333,648.833,460.754
28,1,669,76.5234,33.2639,649.197,460.498
28,1,670,76.4062,33.4028,649.09,461.151
28,1,671,76.4062,33.4028,649.171,461.1
28,1,672,76.3672,33.4722,649.044,461.319
28,1,673,76.5625,33.2639,650.225,460.569
28,1,674,76.3672,33.5417,649.959,461.56
28,1,675,76.3672,33.6806,650.471,461.853
28,1,676,76.5234,34.2361,658.462,463.208
28,1,676,75.9766,33.3333,641.152,461.297
28,1,677,76.6016,34.0972,658.487,462.756
28,1,677,76.0156,33.2639,641.186,461.218
28,1,678,75.8594,33.4722,640.658,461.915
28,1,678,76.7578,34.1667,661.582,462.905
28,1,679,75.8203,33.5417,640.192,461.99
28,1,679,76.9531,34.0972,664.031,462.357
28,1,680,75.9375,33.3333,640.304,461.479
28,1,680,76.8359,34.4444,665.664,463.463
28,1,681,75.8203,33.5417,640.369,462.037
28,1,681,77.1484,34.0972,668.038,462.269
28,1,682,75.7031,33.8194,640.552,462.966
28,1,682,77.1484,34.3056,669.811,462.84
28,1,683,75.7031,33.8194,640.583,462.986
28,1,683,77.1484,34.3056,669.811,462.84
28,1,684,77.1484,34.5139,671.679,463.335
28,1,684,75.5859,34.0278,640.65,463.666
28,1,685,75.5469,34.1667,640.923,464.207
28,1,685,77.0703,34.8611,673.69,464.426
28,1,686,75.4688,34.3056,641.131,464.751
28,1,686,77.0703,35.2083,676.115,465.356
28,1,687,75.3516,34.5833,641.542,465.503
28,1,687,77.2266,35.0694,678.235,464.898
28,1,688,75.5078,34.3056,642.095,464.687
28,1,688,77.5,34.7917,680.452,463.812
28,1,689,75.5078,34.3056,642.095,464.687
28,1,689,77.5,34.8611,680.56,463.946
28,1,690,75.7031,34.0972,643.105,463.741
28,1,690,77.4609,35.0694,682.191,464.553
28,1,691,75.5859,34.375,643.716,464.814
28,1,691,77.6953,34.9306,684.286,463.924
28,1,692,75.4688,34.7222,644.352,465.852
28,1,692,77.8516,34.8611,686.496,463.55
28,1,693,75.3125,35,645.115,466.93
28,1,693,77.8125,35.1389,688.487,464.455
28,1,694,75.3516,35.0694,646.198,467.006
28,1,694,77.7344,35.5556,691.048,465.585
28,1,695,75.3516,35.0694,646.146,467.077
28,1,695,77.7344,35.5556,691.071,465.627
28,1,696,75.1953,35.4861,647.018,468.43
28,1,696,77.6953,35.7639,693.407,466.407
28,1,697,75.1562,35.6944,648.239,469.134
28,1,697,77.8125,35.8333,695.914,466.481
28,1,698,75.1562,35.8333,649.51,469.474
28,1,698,77.8516,35.9722,697.917,466.756
28,1,699,75.2734,35.8333,651.266,469.352
28,1,699,78.0859,35.8333,700.104,466.015
28,1,700,75.2344,36.0417,652.85,470.104
28,1,700,78.1641,35.9028,702.214,466.236
28,1,701,75.2344,36.0417,652.883,470.098
28,1,701,78.1641,35.9028,702.192,466.172
28,1,702,75.2344,36.1806,654.083,470.612
28,1,702,78.0859,36.25,704.024,467.255
28,1,703,75.0781,36.5972,655.404,472.005
28,1,703,77.9688,36.5972,705.897,468.548
28,1,704,75.3125,36.3889,657.373,470.937
28,1,704,78.2422,36.3889,708.224,467.591
28,1,705,75.4688,36.25,659.124,470.357
28,1,706,75.5859,36.25,661.042,470.341
28,1,707,75.5859,36.25,660.983,470.328
28,1,708,75.5469,36.4583,662.58,470.985
28,1,709,75.5469,36.6667,664.608,471.659
28,1,710,75.4297,37.0833,666.302,473.112
28,1,711,75.4688,37.1528,668.189,473.296
28,1,712,75.7031,36.9444,669.759,472.21
28,1,713,75.6641,36.9444,669.771,472.419
28,1,714,75.7031,37.1528,671.791,473.053
28,1,715,75.7031,37.2917,673.444,473.495
28,1,716,75.7422,37.3611,675.076,473.602
28,1,717,75.7031,37.6389,676.505,474.505
28,1,718,75.7812,37.6389,678.042,474.394
28,1,719,75.7812,37.7083,678.191,474.524
28,1,720,75.5859,38.125,680.007,476.287
28,1,721,75.4688,38.5417,681.616,477.692
28,1,722,75.5469,38.5417,682.502,477.554
28,1,723,75.5469,38.5417,682.933,477.579
28,1,724,75.7031,38.2639,683.134,476.493
28,1,725,75.7031,38.2639,683.075,476.411
28,1,726,75.8594,37.9861,683.161,475.403
28,1,727,75.5859,38.4722,683.515,477.393
28,1,728,75.6641,38.4028,684.079,477.049
28,1,729,75.4688,38.75,684.08,478.407
28,1,730,75.2734,39.0972,684.006,479.876
28,1,731,75.2734,39.0972,683.995,479.83
28,1,732,75.1953,39.2361,683.865,480.437
28,1,733,75.2734,39.0972,683.807,479.84
28,1,734,75.2344,39.0972,683.429,479.992
28,1,735,75.4297,38.6806,682.609,478.265
28,1,736,75.2344,38.9583,682.162,479.477
28,1,737,75.2344,39.0278,682.189,479.686
28,1,738,75.1172,39.1667,681.849,480.449
28,1,739,74.9609,39.375,681.096,481.325
28,1,740,74.8438,39.5139,680.125,481.789
28,1,741,74.5703,39.9306,679.177,483.735
28,1,742,74.5703,39.7222,677.748,483.103
28,1,743,74.5703,39.7222,677.749,483.106
28,1,744,74.4141,39.9306,676.412,483.973
28,1,745,74.2969,39.8611,674.252,483.926
28,1,746,74.1406,40,672.807,484.654
29,0,453,43.9062,49.375,1035.87,483
29,0,454,43.9453,49.375,1036.64,483
30,0,454,38.2422,49.5139,878.339,474.255
31,0,460,21.5234,14.5139,802.618,341.827
31,0,460,21.5234,14.5139,802.618,341.827
31,0,461,21.4844,14.7917,800.295,342.411
31,0,462,21.7969,15.9028,798.622,344.517
31,0,463,21.8359,16.3889,796.465,345.427
31,0,464,21.5234,16.1111,793.751,344.68
31,0,465,21.2891,15.9722,790.997,344.454
31,0,467,21.1719,16.1111,788.955,344.652
31,0,467,21.1719,16.1111,788.955,344.652
31,0,468,21.0156,16.0417,787.139,344.35
31,0,469,20.7031,15.7639,784.194,343.827
31,0,471,22.8906,16.5972,809.687,346.188
31,0,471,20.8594,16.9444,779.765,346.062
31,0,471,22.8906,16.5972,809.687,346.188
31,0,471,20.8594,16.9444,779.765,346.062
31,0,473,22.8906,16.9444,808.043,346.854
31,0,473,20.5078,16.5972,777.462,345.18
31,0,474,22.6562,16.7361,805.863,346.407
31,0,474,20.3516,16.5278,775.168,345.055
31,0,474,22.6562,16.7361,805.863,346.407
31,0,474,20.3516,16.5278,775.168,345.055
31,0,475,22.0703,15.7639,802.932,344.375
31,0,475,20,16.1111,773.249,344.147
31,0,476,22.1875,16.25,801.714,345.32
31,0,476,19.8438,16.0417,771.33,343.935
31,0,477,22.5,17.4306,799.988,347.581
31,0,477,19.6484,15.9028,769.363,343.68
31,0,478,22.5,17.4306,799.988,347.581
31,0,478,19.6484,15.9028,769.311,343.628
31,0,479,22.3047,17.3611,797.349,347.398
31,0,480,22.1484,17.5,794.226,347.635
31,0,481,21.9141,17.4306,791.726,347.373
31,0,482,21.8359,17.5,790.102,347.429
31,0,482,19.5703,17.2222,760.878,345.986
31,0,483,21.6797,17.5,787.942,347.357
31,0,485,21.2891,17.0139,785.26,346.347
31,0,485,21.2891,17.0139,785.26,346.347
31,0,486,21.0547,17.0139,782.263,346.283
31,0,487,21.25,17.9861,779.614,348.129
31,0,488,21.2109,18.1944,777.626,348.6
31,0,489,20.9766,18.0556,775.469,348.161
31,0,491,20.8984,18.2639,772.952,348.497
31,0,492,20.5469,17.9167,770.297,347.674
31,0,492,20.5469,17.9167,770.297,347.674
31,0,495,20.1953,18.125,763.627,348.022
31,0,495,20.1953,18.125,763.627,348.022
31,0,496,20.1562,18.125,763.616,347.909
31,0,497,20.0781,18.5417,760.261,348.679
31,0,498,20.0781,18.8889,757.861,349.413
31,0,499,19.7656,18.5417,755.64,348.594
31,0,500,19.8047,18.9583,753.44,349.389
31,0,501,19.375,18.4722,750.528,348.352
31,0,502,19.4141,18.5417,750.451,348.493
32,0,479,19.1406,15.2083,766.885,342.138
32,0,480,19.2578,15.7639,764.906,343.228
32,0,481,19.6094,16.9444,762.852,345.503
32,0,483,19.1406,16.5972,758.369,344.75
32,0,485,18.9453,16.5972,756.356,344.584
32,0,485,18.9453,16.5972,756.356,344.584
32,0,486,18.5547,16.0417,754.567,343.406
32,0,487,19.0625,17.4306,752.867,346.235
32,0,488,18.7109,17.0139,750.834,345.23
32,0,489,18.5547,16.9444,748.764,345.149
32,0,491,18.3594,16.8056,747.08,344.761
32,0,492,18.0469,16.4583,744.804,344.055
32,0,492,18.0469,16.4583,744.804,344.055
32,0,493,20.1172,17.2917,767.748,346.398
32,0,493,18.3594,17.3611,743.361,345.844
32,0,495,17.4219,16.0417,739.303,343.042
32,0,495,17.4219,16.0417,739.303,343.042
32,0,496,17.4219,15.9722,739.415,342.913
32,0,497,17.5391,16.5278,737.771,343.925
32,0,498,18.0078,17.7778,736.166,346.433
32,0,499,17.8125,17.6389,734.361,346.092
32,0,500,17.5781,17.4306,733.133,345.573
32,0,501,17.2656,17.0833,730.59,344.806
32,0,502,17.4609,17.5,730.666,345.646
32,0,503,19.1016,18.4028,747.502,348.035
32,0,503,17.0312,16.7361,729.453,344.139
32,0,505,18.7891,18.4722,742.429,348.034
32,0,505,17.1484,17.4306,726.779,345.466
32,0,505,18.7891,18.4722,742.429,348.034
32,0,505,17.1484,17.4306,726.779,345.466
32,0,506,18.7109,19.0278,738.531,349.034
32,0,506,17.2266,17.7778,725.768,346.047
32,0,507,17.3047,17.9167,726.368,346.37
32,0,507,18.5156,18.6806,737.482,348.405
32,0,508,17.3047,17.9167,726.368,346.37
32,0,508,18.5156,18.6806,737.482,348.405
32,0,509,18.2031,18.2639,735.826,347.434
32,0,509,16.7578,17.2222,723.13,344.95
32,0,510,17.5781,18.125,728.401,346.877
32,0,511,17.1484,17.5694,726.447,345.631
32,0,513,16.9141,17.5694,723.32,345.568
32,0,513,16.9141,17.5694,723.32,345.568
32,0,515,16.875,17.7778,721.159,345.951
32,0,515,16.875,17.7778,721.159,345.951
32,0,516,16.8359,17.9167,719.57,346.231
32,0,517,16.6016,17.5694,718.586,345.497
32,0,519,16.2891,17.2222,716.638,344.768
32,0,520,16.2891,17.2917,716.476,344.818
32,0,521,16.0156,16.8056,715.682,343.861
32,0,521,16.0156,16.8056,715.682,343.861
32,0,522,15.9375,16.9444,713.816,344.071
32,0,523,15.9375,17.0833,712.861,344.363
32,0,524,15.7031,16.9444,711.136,343.963
32,0,525,15.625,17.0139,709.819,344.032
32,0,527,15.2344,16.5972,707.381,343.131
32,0,528,15.3906,17.8472,700.518,345.545
32,0,529,15.1172,17.6389,698.567,344.999
32,0,530,15.1172,17.9167,696.595,345.521
32,0,531,15.1953,18.4028,694.631,346.416
32,0,533,14.9219,18.1944,692.337,345.936
32,0,533,14.9219,18.1944,692.337,345.936
32,0,534,14.6094,17.8472,690.462,345.229
32,0,535,14.6484,18.2639,688.509,345.971
32,0,536,14.6094,18.3333,687.015,346.148
32,0,537,14.2188,17.8472,685.406,345.021
32,0,539,14.0234,17.8472,683.156,344.906
32,0,540,13.5156,17.2222,680.557,343.696
32,0,541,13.6719,17.7083,679.183,344.536
32,0,541,13.6719,17.7083,679.183,344.536
32,0,542,13.7109,18.0556,677.642,345.165
32,0,543,13.5156,17.8472,676.318,344.804
32,0,544,13.5156,17.8472,676.261,344.729
32,0,545,13.2031,17.5,674.694,343.95
32,0,546,12.8906,17.0833,673.29,343.137
32,0,547,12.7734,17.0833,671.68,343.165
32,0,549,12.3828,16.7361,669.182,342.395
32,0,549,12.3828,16.7361,669.182,342.395
32,0,550,12.3828,16.7361,669.182,342.395
32,0,551,12.6562,17.4306,667.927,343.713
32,0,552,12.4609,17.2917,666.874,343.318
32,0,553,12.6953,17.9167,665.231,344.512
32,0,554,12.8125,18.1944,664.785,345.113
32,0,555,12.5,17.8472,663.368,344.315
32,0,556,12.4219,17.7083,663.27,344.034
32,0,557,12.1484,17.3611,662.303,343.34
32,0,559,11.7188,16.875,660.23,342.287
32,0,560,11.8359,17.2222,659.279,342.97
32,0,561,12.0312,17.6389,658.668,343.799
32,0,561,12.0312,17.6389,658.668,343.799
32,0,562,12.0703,17.7083,658.646,343.978
32,0,563,11.9531,17.5,658.534,343.518
32,0,565,11.5625,16.9444,657.292,342.358
32,0,566,11.6016,17.0139,657.253,342.513
32,0,566,11.6016,17.0139,657.253,342.513
32,0,567,11.5234,16.875,657.025,342.284
32,0,568,11.4062,16.6667,656.963,341.905
32,0,569,11.6406,17.2222,656.598,342.89
32,0,570,11.4844,16.875,657.199,342.221
32,0,571,11.6406,17.1528,656.965,342.828
32,0,572,11.4844,16.875,657.04,342.223
32,0,573,11.2891,16.5278,656.88,341.509
32,0,574,11.2891,16.5278,656.88,341.509
32,0,575,11.0547,15.9722,657.39,340.56
32,0,576,11.0547,16.1111,657.107,340.728
32,0,577,11.4453,16.6667,657.674,341.922
32,0,578,11.8359,17.3611,657.836,343.248
32,0,579,11.7578,17.1528,658.308,342.902
32,0,581,11.4844,16.5278,658.871,341.692
32,0,581,11.4844,16.5278,658.871,341.692
32,0,582,11.7578,16.9444,659.438,342.525
32,0,583,11.7969,17.0139,659.981,342.648
32,0,585,11.9141,17.0833,660.911,342.801
32,0,585,11.9141,17.0833,660.911,342.801
32,0,586,11.9141,17.0833,660.911,342.801
32,0,587,12.0312,17.1528,661.798,342.916
32,0,589,11.875,16.5972,663.509,341.907
32,0,589,11.875,16.5972,663.509,341.907
32,0,591,12.0703,16.875,664.659,342.455
32,0,591,12.0703,16.875,664.659,342.455
32,0,593,12.2656,16.9444,666.293,342.725
32,0,593,12.2656,16.9444,666.293,342.725
32,0,595,12.3438,16.9444,667.615,342.654
32,0,596,12.5,17.0833,668.338,342.988
32,0,597,12.3438,16.5972,669.61,342.136
32,0,597,12.3438,16.5972,669.61,342.136
32,0,598,12.3438,16.5972,669.59,342.123
32,0,599,12.2266,16.25,670.829,341.447
32,0,600,12.2266,16.0417,672.096,341.033
32,0,601,12.7344,16.7361,673.582,342.499
32,0,602,12.5,16.1806,674.262,341.459
32,0,604,12.7734,16.3889,676.46,341.912
32,0,604,12.7734,16.3889,676.46,341.912
32,0,605,12.7734,16.3889,676.524,341.887
32,0,607,12.5391,15.625,678.694,340.496
32,0,607,12.5391,15.625,678.694,340.496
32,0,608,12.8516,16.0417,680,341.329
32,0,609,13.0469,16.1806,681.521,341.65
32,0,610,13.1641,16.1806,683.032,341.731
32,0,611,13.1641,16.1806,683.032,341.731
32,0,612,13.125,16.1111,683.24,341.487
32,0,613,13.7109,14.3056,702.45,338.613
32,0,614,13.75,14.5833,700.915,339.141
32,0,615,13.1641,13.6806,699.072,337.444
33,0,491,43.9062,49.375,1035.49,483.086
33,0,492,43.9062,49.375,1035.57,483.191
33,0,492,43.9062,49.375,1035.57,483.191
33,0,493,43.8672,49.375,1034.51,482.712
34,0,491,38.3594,49.5139,881.076,474.529
34,0,493,38.3203,49.5139,880.063,474.366
35,0,527,14.9609,14.7917,714.769,339.925
35,0,527,15.2344,16.5972,707.381,343.131
35,0,527,14.9609,14.7917,714.769,339.925
35,0,528,15.1953,15.2083,715.024,340.753
35,0,529,15,14.7917,715.122,339.975
35,0,530,15.0781,15,715.162,340.349
35,0,531,15.3125,15.4167,715.421,341.168
35,0,533,15.4688,15.7639,715.228,341.836
35,0,533,15.4688,15.7639,715.228,341.836
35,0,534,16.0156,16.7361,716.584,343.754
35,0,535,16.0156,16.6667,716.811,343.669
35,0,536,16.0156,16.5972,717.18,343.504
35,0,537,15.9375,16.3889,717.651,343.012
35,0,539,16.0547,16.5278,718.073,343.388
35,0,540,15.8203,15.9722,718.828,342.262
35,0,541,15.8984,15.9722,719.68,342.272
35,0,541,15.8984,15.9722,719.68,342.272
35,0,542,15.7812,15.625,720.473,341.634
35,0,543,15.625,15.2778,720.591,341.019
35,0,544,15.625,15.2083,720.628,340.941
35,0,545,15.4297,14.5833,722.108,339.773
35,0,546,15.6641,14.9306,723.089,340.475
35,0,547,15.7812,15,723.909,340.627
35,0,549,15.5859,14.3056,725.58,339.367
35,0,549,15.5859,14.3056,725.58,339.367
35,0,550,15.5469,14.2361,725.644,339.189
35,0,551,15.3906,13.75,726.803,338.382
35,0,552,15.3125,13.4722,727.604,337.85
35,0,553,15.4688,13.6111,728.442,338.17
35,0,554,15.1562,12.7778,729.541,336.658
35,0,555,15.4297,13.2639,730.294,337.496
35,0,556,15.4297,13.2639,730.281,337.484
35,0,557,15.8203,13.8889,731.55,338.674
35,0,559,16.0938,14.0972,733.746,339.113
35,0,560,16.2891,14.3056,735.053,339.538
35,0,561,16.2891,14.0972,735.986,339.212
35,0,561,16.2891,14.0972,735.986,339.212
35,0,562,16.2891,14.0972,735.941,339.285
35,0,563,16.25,13.8889,737.004,338.887
35,0,565,16.2891,13.6806,738.571,338.594
35,0,566,16.3672,13.75,739.369,338.641
35,0,566,16.3672,13.75,739.369,338.641
35,0,567,16.4844,13.8194,740.211,338.845
35,0,568,16.4844,13.8194,740.211,338.845
35,0,569,16.5625,13.8889,740.846,338.99
35,0,570,16.3281,13.3333,741.175,337.991
35,0,571,16.1719,12.9167,741.585,337.182
35,0,572,16.4062,13.3333,742.093,337.954
35,0,573,16.4844,13.4028,742.667,338.169
35,0,574,16.4844,13.4028,742.674,338.197
35,0,575,16.5625,13.5417,742.772,338.429
35,0,576,16.7969,13.9583,743.299,339.219
35,0,577,17.0703,14.5833,743.343,340.304
35,0,578,17.0312,14.5139,743.103,340.192
35,0,579,17.1094,14.6528,743.289,340.524
35,0,581,16.9531,14.5139,742.565,340.139
35,0,581,16.9531,14.5139,742.565,340.139
35,0,582,17.2266,15.1389,742.095,341.305
35,0,583,17.0703,14.9306,741.655,340.891
35,0,585,17.0703,15.2083,739.55,341.369
35,0,585,17.0703,15.2083,739.55,341.369
35,0,586,17.0312,15.1389,739.495,341.266
35,0,587,17.3438,15.9028,738.824,342.75
35,0,589,16.8359,15.2083,736.473,341.297
35,0,589,16.8359,15.2083,736.473,341.297
35,0,591,16.3281,14.5833,733.948,340.031
35,0,591,16.3281,14.5833,733.948,340.031
35,0,593,16.3281,14.7222,732.89,340.258
35,0,593,16.3281,14.7222,732.89,340.258
35,0,595,16.1328,14.7917,730.114,340.343
35,0,596,16.2109,15.2778,727.896,341.235
35,0,597,16.3672,15.8333,726.429,342.286
35,0,597,16.3672,15.8333,726.429,342.286
35,0,598,16.3281,15.8333,726.359,342.189
35,0,599,16.1328,15.625,725.058,341.759
35,0,600,16.4844,16.4583,724.536,343.412
35,0,601,16.2109,16.25,722.165,342.956
35,0,602,15.4297,14.9306,720.072,340.309
35,0,604,15.0781,14.8611,716.155,340.112
35,0,604,15.0781,14.8611,716.155,340.112
35,0,605,15.0781,14.7917,716.326,339.996
35,0,607,15.1172,15.625,711.878,341.413
35,0,607,15.1172,15.625,711.878,341.413
35,0,608,15.3906,16.3889,710.313,342.831
35,0,609,15.5859,17.1528,708.507,344.268
35,0,610,15.2734,16.7361,706.387,343.446
35,0,611,15.0781,16.4583,706.013,342.81
35,0,612,14.4922,15.5556,704.168,341.017
35,0,613,13.3594,16.3889,684.193,342.099
35,0,614,13.3594,16.3194,684.913,341.959
35,0,615,13.5547,16.5972,685.403,342.517
35,0,616,13.3984,16.25,685.79,341.827
35,0,617,13.3984,16.25,685.79,341.827
35,0,622,12.9297,15,688.037,339.516
35,0,628,13.2422,16.25,683.771,341.779
35,0,628,13.2422,16.25,683.771,341.779
35,0,629,13.2422,16.25,683.771,341.779
35,0,630,13.1641,16.3194,682.133,341.888
35,0,631,13.1641,16.4583,681.183,342.196
35,0,633,12.9688,16.3194,679.763,341.777
35,0,633,12.9688,16.3194,679.763,341.777
35,0,634,12.6953,15.9028,678.645,341.016
35,0,635,12.6953,15.9028,678.626,341.041
35,0,636,12.6172,15.9722,677.275,341.082
35,0,637,12.7344,15.6944,680.537,340.677
35,0,637,12.2656,16.5972,668.909,342.024
35,0,638,12.6953,15.5556,681.076,340.385
35,0,638,12.6562,17.4306,668.022,343.7
35,0,640,12.5,17.7778,663.363,344.274
35,0,640,12.6953,15.9028,679.325,340.959
35,0,641,12.5,17.8472,663.3,344.335
35,0,641,12.6953,15.9028,679.325,340.959
35,0,641,12.5,17.8472,663.3,344.335
35,0,641,12.6953,15.9028,679.325,340.959
35,0,642,12.6953,16.1111,677.621,341.353
35,0,642,12.1484,17.5,661.361,343.587
35,0,643,12.6562,16.1806,676.32,341.511
35,0,643,11.9531,17.2917,659.813,343.149
35,0,644,12.6172,16.3194,675.072,341.719
35,0,644,11.4844,16.8056,657.37,342.153
35,0,645,12.6953,16.7361,673.428,342.421
35,0,645,11.3672,16.8056,655.592,342.083
35,0,646,12.8906,17.2917,671.773,343.537
35,0,646,11.4062,17.1528,653.905,342.731
35,0,648,12.8516,17.5,670.002,343.882
35,0,648,11.2109,17.1528,651.574,342.598
35,0,649,12.6562,17.3611,668.117,343.599
35,0,649,11.6797,18.1944,649.996,344.712
35,0,649,12.6562,17.3611,668.117,343.599
35,0,649,11.6797,18.1944,649.996,344.712
35,0,651,12.6562,17.9167,664.678,344.573
35,0,651,10.9766,17.5,645.648,343.173
35,0,651,12.6562,17.9167,664.678,344.573
35,0,651,10.9766,17.5,645.648,343.173
35,0,652,12.3828,17.6389,662.999,343.97
35,0,652,11.25,18.1944,644.628,344.513
35,0,653,12.3828,17.6389,662.999,343.97
35,0,653,11.1328,18.0556,644.292,344.163
35,0,654,12.1875,17.5694,661.426,343.694
35,0,654,11.25,18.4028,642.693,344.911
35,0,655,12.0312,17.7083,658.186,343.886
35,0,655,10.7422,17.8472,640.499,343.746
35,0,656,11.8359,17.9861,653.737,344.372
35,0,656,10.5078,17.6389,638.874,343.204
35,0,657,11.9141,18.0556,653.999,344.562
35,0,657,11.0938,18.8889,637.533,345.663
35,0,658,11.8359,18.1944,652.22,344.678
35,0,658,10.9375,18.8194,635.985,345.561
35,0,659,11.9922,18.3333,652.578,345.106
35,0,659,11.0156,18.8889,635.927,345.724
35,0,660,11.4453,17.7083,650.394,343.664
35,0,660,10.6641,18.6111,634.024,345.065
35,0,661,11.0938,17.2222,649.383,342.73
35,0,661,10.4688,18.4722,632.273,344.737
35,0,663,10.8984,17.2222,646.695,342.666
35,0,663,10.0391,18.2639,628.725,344.125
35,0,663,10.8984,17.2222,646.695,342.666
35,0,663,10.0391,18.2639,628.725,344.125
35,0,664,11.0156,17.6389,645.241,343.45
35,0,664,9.84375,18.1944,626.842,343.909
35,0,665,11.0547,17.7083,645.335,343.567
35,0,665,9.84375,18.125,626.674,343.901
35,0,666,11.25,18.1944,644.647,344.484
35,0,666,10.1172,18.8194,625.183,345.185
35,0,667,11.1328,18.125,643.402,344.363
35,0,667,9.96094,18.8889,623.028,345.217
35,0,668,11.25,18.5417,641.89,345.089
35,0,668,9.96094,19.0278,622.039,345.493
35,0,670,11.25,18.8194,639.785,345.661
35,0,670,9.6875,19.0278,618.219,345.409
35,0,671,11.25,18.8194,639.877,345.702
35,0,671,9.6875,19.0278,618.197,345.418
35,0,672,11.0156,18.6111,638.775,345.146
35,0,672,9.64844,19.1667,616.778,345.683
35,0,673,11.1719,18.9583,637.701,345.857
35,0,673,9.84375,19.6528,615.17,346.67
35,0,674,11.1719,19.2361,635.949,346.403
35,0,674,9.29688,18.9583,613.365,345.151
35,0,675,11.0938,19.1667,635.724,346.181
35,0,675,10.0781,20.3472,613.21,348.001
35,0,676,11.1719,19.3056,635.101,346.529
35,0,676,9.60938,19.8611,610.949,346.89
35,0,677,11.1328,19.2361,635.217,346.349
35,0,677,9.64844,19.8611,611.019,346.947
35,0,677,11.1328,19.2361,635.217,346.349
35,0,677,9.64844,19.8611,611.019,346.947
35,0,679,10.9375,18.9583,634.74,345.815
35,0,679,8.90625,19.0972,607.837,345.253
35,0,680,10.8203,18.8194,634.333,345.427
35,0,680,10.8203,18.8194,634.333,345.427
35,0,681,10.8594,18.8889,634.292,345.617
35,0,682,11.1328,19.4444,633.95,346.754
35,0,683,11.2109,19.5833,633.953,346.995
35,0,685,11.3672,19.9306,633.191,347.767
35,0,686,11.4062,20,633.279,347.88
35,0,687,11.5625,20.2083,633.476,348.437
35,0,687,11.5625,20.2083,633.476,348.437
35,0,688,11.7188,20.4861,633.713,348.968
35,0,689,11.7188,20.4861,633.713,348.968
35,0,690,11.6406,20.3472,633.812,348.663
35,0,691,11.9141,20.8333,633.645,349.716
35,0,693,12.0703,20.9722,634.524,350.107
35,0,694,12.0312,20.8333,635.098,349.772
35,0,694,12.0312,20.8333,635.098,349.772
35,0,695,12.0312,20.8333,635.098,349.772
35,0,696,11.8359,20.4861,635.314,348.967
35,0,697,11.9531,20.5556,636.299,349.143
35,0,699,12.2656,21.0417,637.01,350.246
35,0,699,12.2656,21.0417,637.01,350.246
35,0,701,12.3438,21.0417,637.763,350.344
35,0,701,12.3438,21.0417,637.763,350.344
35,0,703,12.1875,20.5556,639.272,349.27
35,0,703,12.1875,20.5556,639.272,349.27
35,0,704,12.3438,20.6944,639.962,349.694
35,0,705,12.4219,20.7639,640.754,349.827
35,0,706,12.6172,21.0417,641.328,350.466
35,0,707,12.6172,21.0417,641.328,350.466
35,0,708,12.6953,21.1111,641.736,350.597
35,0,709,13.1641,21.8056,642.825,352.168
35,0,711,13.2031,21.6667,644.548,351.845
35,0,711,13.2031,21.6667,644.548,351.845
35,0,712,13.2422,21.5972,645.617,351.802
35,0,713,13.2422,21.5972,645.617,351.802
35,0,714,13.3594,21.5972,646.734,351.901
35,0,715,13.5547,21.875,647.742,352.447
35,0,716,13.9062,22.3611,648.642,353.696
35,0,717,14.2188,22.7778,649.461,354.682
35,0,719,14.2578,22.9167,649.825,354.875
35,0,720,14.1406,22.5,651.336,353.963
35,0,721,14.0625,22.2917,651.848,353.502
35,0,722,14.2969,22.5,652.786,354.153
35,0,723,14.5312,22.8472,653.704,354.966
35,0,723,14.5312,22.8472,653.704,354.966
35,0,724,14.8047,23.1944,654.629,355.759
35,0,725,14.7656,23.1944,654.616,355.737
35,0,726,14.8047,23.125,655.353,355.606
35,0,727,15.1172,23.6111,656.501,356.741
35,0,729,15.1172,23.3333,658.646,356.137
35,0,729,15.1172,23.3333,658.646,356.137
35,0,731,15.5469,23.9583,659.645,357.674
35,0,731,15.5469,23.9583,659.645,357.674
35,0,732,15.7812,24.2361,660.479,358.441
35,0,733,15.8984,24.2361,662.072,358.498
35,0,734,15.8594,24.1667,662.48,358.343
35,0,735,16.0156,24.3056,663.619,358.664
35,0,736,15.8594,23.8889,664.513,357.696
35,0,737,15.8594,23.8889,664.513,357.696
35,0,739,16.0547,23.9583,666.495,357.976
35,0,739,16.0547,23.9583,666.495,357.976
35,0,740,16.3281,24.3056,667.695,358.836
35,0,741,16.6797,24.8611,668.659,360.325
35,0,742,16.7578,24.8611,669.733,360.27
35,0,743,16.6406,24.6528,669.765,359.853
35,0,744,16.9922,25.0694,671.584,360.85
35,0,745,17.2656,25.4167,673.006,361.76
36,0,553,43.9844,49.375,1037.48,483.212
36,0,554,43.9844,49.375,1037.91,483.252
36,0,555,43.9453,49.375,1036.54,483.082
36,0,556,43.9453,49.375,1036.81,483.074
36,0,557,43.9062,49.375,1036.25,483.221
36,0,559,43.9844,49.375,1038.4,482.964
36,0,560,43.9453,49.3056,1037.36,482.641
36,0,563,43.9453,49.3056,1037.45,482.852
36,0,567,43.9062,49.375,1036.18,483.095
36,0,568,43.9453,49.375,1037.05,482.979
36,0,569,43.9453,49.375,1037,482.953
36,0,570,43.9453,49.375,1037,482.915
36,0,571,43.9453,49.375,1037,482.915
36,0,572,43.9453,49.375,1036.95,483.023
36,0,575,43.9062,49.375,1036.32,482.998
37,0,559,38.2812,49.5139,879.373,474.449
37,0,563,38.3203,49.5833,880.762,474.633
37,0,566,38.3984,49.5833,881.829,474.701
37,0,566,38.3984,49.5833,881.829,474.701
38,0,616,12.5781,12.7083,697.869,335.624
38,0,617,12.8516,13.2639,697.917,336.665
38,0,619,12.5391,13.8889,690.023,337.602
38,0,620,12.5391,14.0278,689.207,337.841
38,0,621,12.7344,14.4444,688.732,338.557
38,0,621,12.7344,14.4444,688.732,338.557
38,0,623,12.8906,14.9306,688.004,339.428
38,0,624,12.5391,14.4444,686.782,338.473
38,0,625,12.7734,14.9306,686.319,339.39
38,0,626,12.8516,15.2083,685.494,339.847
39,0,680,8.59375,18.75,606.264,344.44
39,0,680,8.59375,18.75,606.264,344.44
39,0,681,8.32031,18.4722,605.018,343.812
39,0,682,8.16406,18.3333,603.632,343.619
39,0,683,8.125,18.3333,603.526,343.58
39,0,685,8.75,19.6528,601.594,346.166
39,0,686,8.63281,19.6528,600.286,346.084
39,0,687,8.39844,19.375,599.168,345.512
39,0,687,8.39844,19.375,599.168,345.512
39,0,688,8.32031,19.375,598.182,345.504
39,0,689,8.32031,19.375,598.141,345.507
39,0,690,8.4375,19.5833,597.357,345.99
39,0,691,8.16406,19.375,596.283,345.388
39,0,693,8.125,19.4444,594.657,345.595
39,0,694,8.16406,19.6528,593.494,345.979
39,0,694,8.16406,19.6528,593.494,345.979
39,0,695,8.16406,19.6528,593.494,345.979
39,0,696,8.125,19.6528,593.249,345.894
39,0,697,7.8125,19.2361,592.584,345.12
39,0,699,7.61719,19.0278,592.001,344.556
39,0,699,7.61719,19.0278,592.001,344.556
39,0,701,7.8125,19.375,591.76,345.314
39,0,701,7.8125,19.375,591.76,345.314
39,0,703,7.92969,19.5139,591.508,345.645
39,0,703,7.92969,19.5139,591.508,345.645
39,0,704,8.00781,19.7222,591.122,346.079
39,0,705,8.16406,20,591.019,346.625
39,0,706,8.00781,19.7222,591.155,346.009
39,0,707,8.00781,19.7222,591.189,345.988
39,0,708,8.04688,19.7917,591.179,346.14
39,0,709,7.89062,19.5139,591.246,345.655
39,0,711,8.20312,20,591.822,346.585
39,0,711,8.20312,20,591.822,346.585
39,0,712,8.35938,20.1389,592.503,346.879
39,0,713,8.51562,20.3472,592.512,347.409
39,0,714,8.59375,20.4861,592.82,347.701
39,0,715,8.59375,20.4167,593.394,347.569
39,0,716,8.63281,20.3472,594.182,347.469
39,0,717,8.82812,20.625,594.85,347.994
39,0,719,8.90625,20.625,595.449,348.107
39,0,720,9.14062,20.9722,596.063,348.804
39,0,721,8.90625,20.4167,597.232,347.651
39,0,722,9.10156,20.6944,597.74,348.275
39,0,723,9.17969,20.625,599.033,348.164
39,0,723,9.17969,20.625,599.033,348.164
39,0,724,9.02344,20.3472,599.697,347.555
39,0,725,8.98438,20.2778,599.708,347.415
39,0,726,9.0625,20.2778,600.217,347.508
39,0,727,9.02344,20.0694,601.328,347.086
39,0,729,9.72656,21.0417,603.051,349.26
39,0,729,9.72656,21.0417,603.051,349.26
39,0,731,9.64844,20.8333,603.927,348.719
39,0,731,9.64844,20.8333,603.927,348.719
39,0,732,10.0391,21.25,605.387,349.731
39,0,733,10.1953,21.3889,606.329,350.133
39,0,734,10.0781,21.1806,606.925,349.554
39,0,735,10.1172,20.9722,608.602,349.261
39,0,736,10.0391,20.6944,610.158,348.608
39,0,737,10.0391,20.625,610.174,348.567
39,0,739,10.5469,21.3194,611.709,350.055
39,0,739,10.5469,21.3194,611.709,350.055
39,0,740,10.7812,21.5278,612.718,350.64
39,0,741,10.7422,21.3889,614.077,350.262
39,0,742,10.6641,21.1111,614.95,349.698
39,0,743,10.6641,21.1111,614.95,349.698
39,0,744,10.1172,20,616.313,347.422
39,0,745,10.7812,20.9028,617.648,349.394
40,1,705,78.5156,36.1111,710.271,466.299
40,1,706,78.4766,36.3194,711.917,467.132
40,1,707,78.5156,36.3194,712.003,466.978
40,1,708,78.5547,36.4583,714.066,467.332
40,1,709,78.6719,36.3889,715.973,467.093
40,1,710,78.6719,36.5972,718.01,467.701
40,1,711,78.6328,36.875,719.89,468.575
40,1,712,78.6719,37.0139,722.34,468.956
40,1,713,78.6328,37.0833,722.313,469.164
40,1,714,78.8281,37.0139,724.683,468.729
40,1,715,78.8281,37.1528,726.876,469.165
40,1,716,78.8281,37.3611,728.707,469.693
40,1,717,79.0234,37.2917,730.826,469.271
40,1,718,78.9062,37.6389,732.841,470.523
40,1,719,78.9062,37.6389,732.841,470.523
40,1,720,79.0234,37.6389,734.679,470.391
40,1,721,79.1406,37.7083,737.581,470.509
40,1,722,79.1016,37.9167,739.741,471.133
40,1,723,79.2188,37.9861,742.018,471.138
40,1,724,79.7656,37.3611,744.31,468.535
40,1,725,79.7656,37.3611,744.414,468.557
40,1,726,79.8438,37.4306,746.703,468.856
40,1,727,79.8828,37.5694,749.234,469.239
40,1,728,80.0781,37.5,751.66,468.784
40,1,729,80.0781,37.7083,753.857,469.285
40,1,730,80.5469,37.2222,756.336,467.346
40,1,731,80.4688,37.3611,756.301,467.759
40,1,732,80.3906,37.6389,758.488,468.7
40,1,733,80.5859,37.5,760.64,468.167
40,1,734,80.5078,37.7778,762.358,469.082
40,1,735,80.8984,37.4306,764.652,467.618
40,1,736,80.8203,37.7778,767.138,468.616
40,1,737,80.8203,37.7778,767.095,468.584
40,1,738,81.0156,37.6389,769.358,468.059
40,1,739,80.9766,37.9167,771.465,468.924
40,1,740,81.6016,37.2222,773.896,466.152
40,1,741,81.6016,37.4306,775.999,466.665
40,1,742,81.7969,37.2917,778.084,466.095
40,1,743,81.7969,37.2917,778.086,466.087
40,1,744,81.6016,37.7083,779.807,467.582
40,1,745,81.6016,37.9167,782.155,468.163
40,1,746,81.9531,37.6389,784.315,466.908
41,0,723,43.9062,49.375,1035.99,483.182
41,0,723,43.9062,49.375,1035.99,483.182
41,0,724,43.9062,49.375,1035.93,483.245
41,0,725,43.9062,49.375,1035.94,483.254
41,0,726,43.9453,49.375,1036.29,483.242
41,0,727,43.9844,49.375,1037.66,483.106
41,0,732,43.9453,49.4444,1037.29,483.391
41,0,733,43.9062,49.4444,1035.77,483.467
41,0,734,43.9453,49.375,1036.76,483.201
41,0,735,43.9453,49.375,1036.95,483.315
41,0,736,43.9453,49.375,1036.98,483.352
41,0,737,43.9453,49.375,1036.98,483.352
41,0,739,43.9062,49.375,1035.87,483.192
41,0,739,43.9062,49.375,1035.87,483.192
41,0,740,43.9062,49.375,1035.98,483.1
41,0,741,43.9453,49.375,1037.16,483.258
